{"cameraMode":{"drawMode":0,"name":"Shaded","section":"Shading Mode"},"sceneLighting":false,"audioPlay":false,"sceneViewState":{"showFog":false,"showMaterialUpdate":false,"showSkybox":true,"showFlares":false,"showImageEffects":true,"showParticleSystems":true},"in2DMode":false,"pivot":{"x":-1.4691025018692017,"y":1.5739496946334839,"z":-3.514378547668457},"rotation":{"x":0.13184520602226258,"y":0.8573696613311768,"z":-0.2708625793457031,"w":0.41733360290527346},"size":7.602384090423584,"orthographic":false}