{"cameraMode":{"drawMode":0,"name":"Shaded","section":"Shading Mode"},"sceneLighting":false,"audioPlay":false,"sceneViewState":{"showFog":false,"showMaterialUpdate":false,"showSkybox":true,"showFlares":false,"showImageEffects":true,"showParticleSystems":true},"in2DMode":false,"pivot":{"x":0.9088735580444336,"y":-5.156145095825195,"z":-5.737828731536865},"rotation":{"x":0.11792405694723129,"y":0.8687398433685303,"z":-0.2488698810338974,"w":0.41164225339889529},"size":20.902999877929689,"orthographic":false}