{"cameraMode":{"drawMode":0,"name":"Shaded","section":"Shading Mode"},"sceneLighting":false,"audioPlay":false,"sceneViewState":{"showFog":false,"showMaterialUpdate":false,"showSkybox":true,"showFlares":false,"showImageEffects":true,"showParticleSystems":true},"in2DMode":false,"pivot":{"x":-97.29229736328125,"y":-772.349365234375,"z":575.0704345703125},"rotation":{"x":0.4349655508995056,"y":0.001617029425688088,"z":-0.0007819687016308308,"w":0.9004473686218262},"size":1009.6104736328125,"orthographic":false}