{"cameraMode":{"drawMode":0,"name":"Shaded","section":"Shading Mode"},"sceneLighting":false,"audioPlay":false,"sceneViewState":{"showFog":false,"showMaterialUpdate":false,"showSkybox":false,"showFlares":false,"showImageEffects":true,"showParticleSystems":true},"in2DMode":false,"pivot":{"x":0.11934018135070801,"y":0.8726308345794678,"z":0.05587795376777649},"rotation":{"x":0.0017261175671592355,"y":0.9953737854957581,"z":-0.09434395283460617,"w":0.01821388490498066},"size":3.9531993865966799,"orthographic":false}