{"cameraMode":{"drawMode":0,"name":"Shaded","section":"Shading Mode"},"sceneLighting":false,"audioPlay":false,"sceneViewState":{"showFog":false,"showMaterialUpdate":false,"showSkybox":true,"showFlares":false,"showImageEffects":true,"showParticleSystems":true},"in2DMode":false,"pivot":{"x":1.1598836183547974,"y":5.306264877319336,"z":-5.471173286437988},"rotation":{"x":-0.012662123888731003,"y":0.9776237607002258,"z":0.2007196992635727,"w":0.06167196109890938},"size":9.34684944152832,"orthographic":false}