{"cameraMode":{"drawMode":0,"name":"Shaded","section":"Shading Mode"},"sceneLighting":false,"audioPlay":false,"sceneViewState":{"showFog":false,"showMaterialUpdate":false,"showSkybox":true,"showFlares":false,"showImageEffects":true,"showParticleSystems":true},"in2DMode":false,"pivot":{"x":455.1543273925781,"y":81.6663818359375,"z":1022.15869140625},"rotation":{"x":0.21724453568458558,"y":0.009073860011994839,"z":-0.0020203357562422754,"w":0.9760748744010925},"size":1406.064453125,"orthographic":false}