{"cameraMode":{"drawMode":0,"name":"Shaded","section":"Shading Mode"},"sceneLighting":false,"audioPlay":false,"sceneViewState":{"showFog":false,"showMaterialUpdate":false,"showSkybox":false,"showFlares":false,"showImageEffects":true,"showParticleSystems":true},"in2DMode":false,"pivot":{"x":7.509180068969727,"y":4.385970115661621,"z":-17.44903564453125},"rotation":{"x":-0.012662123888731003,"y":0.9776237607002258,"z":0.2007196992635727,"w":0.06167196109890938},"size":121.79010772705078,"orthographic":false}