{"cameraMode":{"drawMode":0,"name":"Shaded","section":"Shading Mode"},"sceneLighting":false,"audioPlay":false,"sceneViewState":{"showFog":false,"showMaterialUpdate":false,"showSkybox":true,"showFlares":false,"showImageEffects":true,"showParticleSystems":true},"in2DMode":false,"pivot":{"x":-1.088921308517456,"y":-0.1076364517211914,"z":5.819382667541504},"rotation":{"x":0.3309647738933563,"y":-0.09180543571710587,"z":0.03237161785364151,"w":0.9386087656021118},"size":15.521268844604493,"orthographic":false}