{"cameraMode":{"drawMode":0,"name":"Shaded","section":"Shading Mode"},"sceneLighting":false,"audioPlay":false,"sceneViewState":{"showFog":false,"showMaterialUpdate":false,"showSkybox":false,"showFlares":false,"showImageEffects":true,"showParticleSystems":true},"in2DMode":false,"pivot":{"x":0.0,"y":19.151824951171876,"z":-48.44562530517578},"rotation":{"x":0.1908004730939865,"y":0.015014396980404854,"z":-0.0029195027891546489,"w":0.9815115332603455},"size":3.12982177734375,"orthographic":false}