{"cameraMode":{"drawMode":0,"name":"Shaded","section":"Shading Mode"},"sceneLighting":false,"audioPlay":false,"sceneViewState":{"showFog":false,"showMaterialUpdate":false,"showSkybox":true,"showFlares":false,"showImageEffects":true,"showParticleSystems":true},"in2DMode":false,"pivot":{"x":-2.6428582668304445,"y":-8.820402145385743,"z":24.107879638671876},"rotation":{"x":0.21724453568458558,"y":0.009073860011994839,"z":-0.0020203357562422754,"w":0.9760748744010925},"size":34.82045364379883,"orthographic":false}