{"cameraMode":{"drawMode":0,"name":"Shaded","section":"Shading Mode"},"sceneLighting":false,"audioPlay":false,"sceneViewState":{"showFog":false,"showMaterialUpdate":false,"showSkybox":false,"showFlares":false,"showImageEffects":true,"showParticleSystems":true},"in2DMode":false,"pivot":{"x":-0.9463664293289185,"y":2.436717987060547,"z":2.6571056842803957},"rotation":{"x":0.29433614015579226,"y":-0.18624258041381837,"z":0.05859462544322014,"w":0.9355468153953552},"size":17.248043060302736,"orthographic":false}