{"cameraMode":{"drawMode":0,"name":"Shaded","section":"Shading Mode"},"sceneLighting":false,"audioPlay":false,"sceneViewState":{"showFog":false,"showMaterialUpdate":false,"showSkybox":false,"showFlares":false,"showImageEffects":true,"showParticleSystems":true},"in2DMode":false,"pivot":{"x":999.3623657226563,"y":1054.99609375,"z":2.9158458709716799},"rotation":{"x":-0.012662123888731003,"y":0.9776237607002258,"z":0.2007196992635727,"w":0.06167196109890938},"size":6.744012355804443,"orthographic":false}