{"cameraMode":{"drawMode":0,"name":"Shaded","section":"Shading Mode"},"sceneLighting":false,"audioPlay":false,"sceneViewState":{"showFog":false,"showMaterialUpdate":false,"showSkybox":false,"showFlares":false,"showImageEffects":true,"showParticleSystems":true},"in2DMode":false,"pivot":{"x":12.44828987121582,"y":12.477489471435547,"z":9.421592712402344},"rotation":{"x":0.23557893931865693,"y":0.7029336094856262,"z":-0.614657998085022,"w":0.2694125473499298},"size":-0.35165935754776,"orthographic":false}