{"cameraMode":{"drawMode":0,"name":"Shaded","section":"Shading Mode"},"sceneLighting":true,"audioPlay":false,"sceneViewState":{"showFog":false,"showMaterialUpdate":false,"showSkybox":true,"showFlares":false,"showImageEffects":true,"showParticleSystems":true},"in2DMode":false,"pivot":{"x":743.4928588867188,"y":369.06829833984377,"z":258.4901123046875},"rotation":{"x":0.0011890631867572666,"y":0.042584218084812167,"z":0.000050730654038488865,"w":-0.9990921020507813},"size":2982.631591796875,"orthographic":false}