{"cameraMode":{"drawMode":0,"name":"Shaded","section":"Shading Mode"},"sceneLighting":false,"audioPlay":false,"sceneViewState":{"showFog":false,"showMaterialUpdate":false,"showSkybox":false,"showFlares":false,"showImageEffects":true,"showParticleSystems":true},"in2DMode":false,"pivot":{"x":-2.1260902881622316,"y":0.7804337739944458,"z":0.5597963333129883},"rotation":{"x":0.001190377864986658,"y":-0.011402398347854615,"z":-0.000013376436982071027,"w":-0.9999359250068665},"size":3.5694456100463869,"orthographic":false}